insert into BIO (BIO_ID, BIO_NO, BIO_NAME, BIO_SHORTNAME, BIO_ORGTYPE, CDG_REGTYPE, BIO_INDUSTRY, BIO_RGA_REGIONCODE, BIO_BUA_POSTCODE, BIO_CON_FAX, BIO_CON_MAIL, BIO_BUA_ADDRESS)
values ('13001', '23591101', '哈尔滨华夏科技有限公司', '华夏科技', '10', '160', 'G0200', '230109000000', '150000', '89723811', 'huaxia_hr_lei@163.com', '哈尔滨松北区世茂大道353-2号');
insert into BIO (BIO_ID, BIO_NO, BIO_NAME, BIO_SHORTNAME, BIO_ORGTYPE, CDG_REGTYPE, BIO_INDUSTRY, BIO_RGA_REGIONCODE, BIO_BUA_POSTCODE, BIO_CON_FAX, BIO_CON_MAIL, BIO_BUA_ADDRESS)
values ('13002', '23352954', '哈尔滨报喜鸟房地产有限公司', '报喜鸟地产', '10', '160', 'K0000', '230109000000', '150000', '59451514', 'baoxinao55991@163.com', '哈尔滨松北区学院路120号');
insert into BIO (BIO_ID, BIO_NO, BIO_NAME, BIO_SHORTNAME, BIO_ORGTYPE, CDG_REGTYPE, BIO_INDUSTRY, BIO_RGA_REGIONCODE, BIO_BUA_POSTCODE, BIO_CON_FAX, BIO_CON_MAIL, BIO_BUA_ADDRESS)
values ('13003', '68121154', '黑龙江省联通集成开发有限责任公司', '联通集成', '20', '110', 'G0200', '230103000000', '150000', '65775475', 'liantongjicheng@sohu.com.cn', '哈尔滨文昌街153号');
insert into BIO (BIO_ID, BIO_NO, BIO_NAME, BIO_SHORTNAME, BIO_ORGTYPE, CDG_REGTYPE, BIO_INDUSTRY, BIO_RGA_REGIONCODE, BIO_BUA_POSTCODE, BIO_CON_FAX, BIO_CON_MAIL, BIO_BUA_ADDRESS)
values ('13004', '54231231', '黑龙江太平洋软件开发有限公司', '太平洋软件', '10', '160', 'G0200', '230109000000', '150000', '49416514', 'tpysuccess@163.com', '哈尔滨松北区世茂大道187号');
insert into BIP (BIP_ID, BIP_CITIZENID, BIP_SEX, BIP_AGE, BIP_NAME, BIP_BIRTHDAY, BIP_MINZU, BIP_ZZMM, BIP_HYZK, BIP_HJXZ, BIP_RYLB, BIP_JKZK, BIP_CJQK, BIP_EYESIGHTLEFT, BIP_EYESIGHTRIGHT, BIP_LONG, BIP_WEIGHT, BIP_HKSZD, BIP_WHCD, BIP_SUBJECT, BIP_GRADUATESCHOOL, BIP_BYSJ, BIP_EDUCATIONALLEVEL2, BIP_CON_TELEPHONE, BIP_CON_MOBILE, BIP_CON_EMAIL, BIP_CON_POSTCODE, BIP_CON_CONTACT, BIP_CON_CONTACTTEL, BIP_RES_ADDRESS, BIP_T_LOWERSECURITY, BIP_T_CRIMINAL, BIP_T_DESTITUTE, BIP_T_PEASANT, BIP_T_VETERAN, BIP_T_OTHERCITIES, BIP_T_CZJYYHZ, BIP_T_RHFL, BIP_T_NEWGRADUATE, BIP_PC_DJ, BIP_PC_SLCD, BIP_RESUME, BIP_QTSM)
values ('10001', '230405199408300013', '1', '20', '汤姆', '19940830', '01', '01', '1', '11', '20', '1', null, '5.0', '5.0', '1.80', '82', '230103000000', '10', '2021302', '哈尔滨工程大学', '20160701', null, '13746055188', '5692116', 'tom@163.com', '150020', '汤姆斯', '13655550154', '哈尔滨南岗区', 'N', 'N', 'N', 'N', 'N', 'N', 'N', 'N', 'N', '1', '1', '开朗大方认真负责兴趣广泛', '无');
insert into BIP (BIP_ID, BIP_CITIZENID, BIP_SEX, BIP_AGE, BIP_NAME, BIP_BIRTHDAY, BIP_MINZU, BIP_ZZMM, BIP_HYZK, BIP_HJXZ, BIP_RYLB, BIP_JKZK, BIP_CJQK, BIP_EYESIGHTLEFT, BIP_EYESIGHTRIGHT, BIP_LONG, BIP_WEIGHT, BIP_HKSZD, BIP_WHCD, BIP_SUBJECT, BIP_GRADUATESCHOOL, BIP_BYSJ, BIP_EDUCATIONALLEVEL2, BIP_CON_TELEPHONE, BIP_CON_MOBILE, BIP_CON_EMAIL, BIP_CON_POSTCODE, BIP_CON_CONTACT, BIP_CON_CONTACTTEL, BIP_RES_ADDRESS, BIP_T_LOWERSECURITY, BIP_T_CRIMINAL, BIP_T_DESTITUTE, BIP_T_PEASANT, BIP_T_VETERAN, BIP_T_OTHERCITIES, BIP_T_CZJYYHZ, BIP_T_RHFL, BIP_T_NEWGRADUATE, BIP_PC_DJ, BIP_PC_SLCD, BIP_RESUME, BIP_QTSM)
values ('10002', '232102199501024013', '1', '23', '杰克', '19950102', '02', '02', '1', '12', '30', '2', null, '5.0', '5.0', '1.87', '92', '230103000000', '10', '2021302', '哈尔滨工业大学', '20150701', null, '13746055188', '5692116', 'tom@163.com', '150020', '汤姆斯', '13655550154', '哈尔滨南岗区', 'N', 'N', 'N', 'N', 'N', 'N', 'N', 'N', 'N', '1', '1', '开朗大方认真负责兴趣广泛', '无');
insert into BIP (BIP_ID, BIP_CITIZENID, BIP_SEX, BIP_AGE, BIP_NAME, BIP_BIRTHDAY, BIP_MINZU, BIP_ZZMM, BIP_HYZK, BIP_HJXZ, BIP_RYLB, BIP_JKZK, BIP_CJQK, BIP_EYESIGHTLEFT, BIP_EYESIGHTRIGHT, BIP_LONG, BIP_WEIGHT, BIP_HKSZD, BIP_WHCD, BIP_SUBJECT, BIP_GRADUATESCHOOL, BIP_BYSJ, BIP_EDUCATIONALLEVEL2, BIP_CON_TELEPHONE, BIP_CON_MOBILE, BIP_CON_EMAIL, BIP_CON_POSTCODE, BIP_CON_CONTACT, BIP_CON_CONTACTTEL, BIP_RES_ADDRESS, BIP_T_LOWERSECURITY, BIP_T_CRIMINAL, BIP_T_DESTITUTE, BIP_T_PEASANT, BIP_T_VETERAN, BIP_T_OTHERCITIES, BIP_T_CZJYYHZ, BIP_T_RHFL, BIP_T_NEWGRADUATE, BIP_PC_DJ, BIP_PC_SLCD, BIP_RESUME, BIP_QTSM)
values ('10003', '230105198710232718', '1', '30', '刘大海', '19871023', '01', '01', '1', '11', '30', '2', null, '4.5', '4.8', '1.75', '102', '230103000000', '10', '2021302', '黑龙江科技大学', '20150901', null, '13359724401', '57682211', 'dahai@sina.com.cn', '150050', '刘川峰', '13254585554', '哈尔滨松北区', 'N', 'Y', 'N', 'Y', 'N', 'N', 'Y', 'N', 'N', '1', '1', '无敌最寂寞', '无');
insert into BIP (BIP_ID, BIP_CITIZENID, BIP_SEX, BIP_AGE, BIP_NAME, BIP_BIRTHDAY, BIP_MINZU, BIP_ZZMM, BIP_HYZK, BIP_HJXZ, BIP_RYLB, BIP_JKZK, BIP_CJQK, BIP_EYESIGHTLEFT, BIP_EYESIGHTRIGHT, BIP_LONG, BIP_WEIGHT, BIP_HKSZD, BIP_WHCD, BIP_SUBJECT, BIP_GRADUATESCHOOL, BIP_BYSJ, BIP_EDUCATIONALLEVEL2, BIP_CON_TELEPHONE, BIP_CON_MOBILE, BIP_CON_EMAIL, BIP_CON_POSTCODE, BIP_CON_CONTACT, BIP_CON_CONTACTTEL, BIP_RES_ADDRESS, BIP_T_LOWERSECURITY, BIP_T_CRIMINAL, BIP_T_DESTITUTE, BIP_T_PEASANT, BIP_T_VETERAN, BIP_T_OTHERCITIES, BIP_T_CZJYYHZ, BIP_T_RHFL, BIP_T_NEWGRADUATE, BIP_PC_DJ, BIP_PC_SLCD, BIP_RESUME, BIP_QTSM)
values ('10004', '232102199305070211', '2', '24', '白璐谣', '19930507', '01', '01', '1', '12', '20', '2', null, '5.0', '4.9', '1.70', '56', '230103000000', '10', '2021302', '中国民族大学', '20150501', null, '13224588871', '85425545', 'luyao93@163.com', '150000', '白帆', '13788551234', '哈尔滨香坊区', 'Y', 'N', 'Y', 'N', null, 'N', 'N', 'N', 'N', '1', '1', '农妇山泉有点田', '无');
insert into ZJ_DWZPDJB (ZPBH, DWBH, DWLXR, LXRSFZHM, LXRSJ, SFDJ, DJYXQ, DJSJ, GDSJ, SFGD)
values ('5001', '13001', '张晓松', '230105199305063318', '13866999666', 'N', 15, '20170306', '20170301', 'Y');
insert into ZJ_DWZPDJB (ZPBH, DWBH, DWLXR, LXRSFZHM, LXRSJ, SFDJ, DJYXQ, DJSJ, GDSJ, SFGD)
values ('5002', '13002', '刘富贵', '230110199007163587', '13945607788', 'N', 15, '20170516', null, 'N');
insert into ZJ_DWZPDJB (ZPBH, DWBH, DWLXR, LXRSFZHM, LXRSJ, SFDJ, DJYXQ, DJSJ, GDSJ, SFGD)
values ('5003', '13003', '兰方合', '230107198107266987', '13549581133', 'N', 15, '20170308', '20170315', 'Y');
insert into ZJ_DWZPDJB (ZPBH, DWBH, DWLXR, LXRSFZHM, LXRSJ, SFDJ, DJYXQ, DJSJ, GDSJ, SFGD)
values ('5004', '13003', '兰方合', '230107198107266987', '13549581133', 'N', 15, '20170308', null, 'N');
insert into ZJ_DWZPDJB (ZPBH, DWBH, DWLXR, LXRSFZHM, LXRSJ, SFDJ, DJYXQ, DJSJ, GDSJ, SFGD)
values ('5005', '13004', '李碧盈', '230211199108276913', '13755931234', 'N', 15, '20170206', null, 'N');
insert into ZJ_DWDJJDB (DWDJJDBH, ZPBH, DJYY, DJSJ, JDYY, JDSJ, GDSJ)
values ('3001', '5001', '暂停招聘2天', '20170220', null, null, null);
insert into ZJ_DWDJJDB (DWDJJDBH, ZPBH, DJYY, DJSJ, JDYY, JDSJ, GDSJ)
values ('3002', '5001', null, null, '恢复招聘', '20170223', null);
insert into ZJ_DWDJJDB (DWDJJDBH, ZPBH, DJYY, DJSJ, JDYY, JDSJ, GDSJ)
values ('3003', '5001', '暂停招聘5天', '20170224', null, null, null);
insert into ZJ_DWDJJDB (DWDJJDBH, ZPBH, DJYY, DJSJ, JDYY, JDSJ, GDSJ)
values ('3004', '5001', null, null, '恢复招聘', '20170304', null);
insert into ZJ_DWZPGZB (ZPGZBH, ZPBH, ZPGZ, ZPGZBM, GWLB, ZRS, ZPRSN, ZPRSNV, XBBX, HJXZ, KSSJ, JSSJ, ZXNL, ZDNL, WHCD, YGXS, ZZYX, ZGYX, HYZK, JKZK, RYLB, SFBYS, ZPDQ, JYYZ, SLCD, JSJDJ, JSJSLCD, GWMS, GZDD, CGRSN, CGRSNV, DJYXQ, DJSJ, GDSJ)
values ('12001', '5001', '1050103', '销售经理', '10', '1', '1', '0', '0', '11', '20170301', '20170320', null, null, '20', '5', null, null, null, null, null, null, null, null, null, null, null, null, null, null, null, null, null, null);
insert into ZJ_DWZPGZB (ZPGZBH, ZPBH, ZPGZ, ZPGZBM, GWLB, ZRS, ZPRSN, ZPRSNV, XBBX, HJXZ, KSSJ, JSSJ, ZXNL, ZDNL, WHCD, YGXS, ZZYX, ZGYX, HYZK, JKZK, RYLB, SFBYS, ZPDQ, JYYZ, SLCD, JSJDJ, JSJSLCD, GWMS, GZDD, CGRSN, CGRSNV, DJYXQ, DJSJ, GDSJ)
values ('12002', '5002', '2023406', '销售经理', '10', '1', '1', '0', '0', '11', '20170301', '20170320', null, null, null, '5', null, null, null, null, null, null, null, null, null, null, null, null, null, null, null, null, null, null);
insert into ZJ_DWZPGZB (ZPGZBH, ZPBH, ZPGZ, ZPGZBM, GWLB, ZRS, ZPRSN, ZPRSNV, XBBX, HJXZ, KSSJ, JSSJ, ZXNL, ZDNL, WHCD, YGXS, ZZYX, ZGYX, HYZK, JKZK, RYLB, SFBYS, ZPDQ, JYYZ, SLCD, JSJDJ, JSJSLCD, GWMS, GZDD, CGRSN, CGRSNV, DJYXQ, DJSJ, GDSJ)
values ('12003', '5004', '2021200', '通信技术员', '10', '1', '1', '0', '0', '11', '20170301', '20170320', null, null, null, '5', null, null, null, null, null, null, null, null, null, null, null, null, null, null, null, null, null, null);
insert into ZJ_DWZPGZB (ZPGZBH, ZPBH, ZPGZ, ZPGZBM, GWLB, ZRS, ZPRSN, ZPRSNV, XBBX, HJXZ, KSSJ, JSSJ, ZXNL, ZDNL, WHCD, YGXS, ZZYX, ZGYX, HYZK, JKZK, RYLB, SFBYS, ZPDQ, JYYZ, SLCD, JSJDJ, JSJSLCD, GWMS, GZDD, CGRSN, CGRSNV, DJYXQ, DJSJ, GDSJ)
values ('12004', '5004', '2021302', '软件工程师', '10', '1', '1', '0', '0', '11', '20170301', '20170320', null, null, null, '5', null, null, null, null, null, null, null, null, null, null, null, null, null, null, null, null, null, null);
insert into ZJ_DWZPGZB (ZPGZBH, ZPBH, ZPGZ, ZPGZBM, GWLB, ZRS, ZPRSN, ZPRSNV, XBBX, HJXZ, KSSJ, JSSJ, ZXNL, ZDNL, WHCD, YGXS, ZZYX, ZGYX, HYZK, JKZK, RYLB, SFBYS, ZPDQ, JYYZ, SLCD, JSJDJ, JSJSLCD, GWMS, GZDD, CGRSN, CGRSNV, DJYXQ, DJSJ, GDSJ)
values ('12005', '5005', '2021302', 'java程序员', '10', '1', '1', '0', '0', '11', '20170301', '20170320', null, null, '20', '5', null, null, null, null, null, null, null, null, null, null, null, null, null, null, null, null, null, null);
insert into ZJ_GRQZDJB (QZBH, BIP_ID, DWXX, DWJJLX, DWHY, GZDQ, SFDJ, SFJSDX, SFCJPX, SFJSZYZD, DJYXQ, DJSJ, GDSJ, SFGD, TJX)
values ('11001', '10001', '10', '110', 'A0100', '230103000000', 'N', 'N', 'N', 'N', '15', '20170101', '20170115', 'Y', 'Y');
insert into ZJ_GRQZDJB (QZBH, BIP_ID, DWXX, DWJJLX, DWHY, GZDQ, SFDJ, SFJSDX, SFCJPX, SFJSZYZD, DJYXQ, DJSJ, GDSJ, SFGD, TJX)
values ('11003', '10002', '10', '110', 'A0100', '230103000000', 'N', 'N', 'N', 'N', '15', '20170201', '20170215', 'Y', 'N');
insert into ZJ_GRQZDJB (QZBH, BIP_ID, DWXX, DWJJLX, DWHY, GZDQ, SFDJ, SFJSDX, SFCJPX, SFJSZYZD, DJYXQ, DJSJ, GDSJ, SFGD, TJX)
values ('11002', '10001', '10', '110', 'A0100', '230103000000', 'N', 'N', 'N', 'N', '15', '20170201', null, 'N', 'N');
insert into ZJ_GRQZDJB (QZBH, BIP_ID, DWXX, DWJJLX, DWHY, GZDQ, SFDJ, SFJSDX, SFCJPX, SFJSZYZD, DJYXQ, DJSJ, GDSJ, SFGD, TJX)
values ('11004', '10003', '10', '110', 'A0100', '230103000000', 'N', 'N', 'N', 'N', '15', '20170201', null, 'N', 'N');
insert into ZJ_GRQZDJB (QZBH, BIP_ID, DWXX, DWJJLX, DWHY, GZDQ, SFDJ, SFJSDX, SFCJPX, SFJSZYZD, DJYXQ, DJSJ, GDSJ, SFGD, TJX)
values ('11005', '10004', '10', '110', 'A0100', '230103000000', 'N', 'N', 'N', 'N', '15', '20170201', null, 'N', 'Y');
insert into ZJ_GRQZDJJDB (GRDJJDBH, QZBH, DOJYY, DOJSJ, JIDYY, JIDSJ, GDSJ)
values ('7003', '11002', '旅游中', '20170303', null, null, null);
insert into ZJ_GRQZDJJDB (GRDJJDBH, QZBH, DOJYY, DOJSJ, JIDYY, JIDSJ, GDSJ)
values ('7001', '11001', '考试中', '20170103', null, null, null);
insert into ZJ_GRQZDJJDB (GRDJJDBH, QZBH, DOJYY, DOJSJ, JIDYY, JIDSJ, GDSJ)
values ('7002', '11001', null, null, '考试完成', '20170211', null);
insert into ZJ_GRQZGZB (QZGZBH, QZBH, XH, GZ, YGXS, ZDYX, ZGYX, DJSJ, GDSJ)
values ('3001', '11001', '1', '1050103', '5', null, null, null, null);
insert into ZJ_GRQZGZB (QZGZBH, QZBH, XH, GZ, YGXS, ZDYX, ZGYX, DJSJ, GDSJ)
values ('3002', '11001', '2', '1050102', '5', null, null, null, null);
insert into ZJ_GRQZGZB (QZGZBH, QZBH, XH, GZ, YGXS, ZDYX, ZGYX, DJSJ, GDSJ)
values ('3003', '11002', '1', '2021300', '5', null, null, null, null);
insert into ZJ_GRQZGZB (QZGZBH, QZBH, XH, GZ, YGXS, ZDYX, ZGYX, DJSJ, GDSJ)
values ('3004', '11002', '2', '2021304', '5', null, null, null, null);
insert into ZJ_GRQZGZB (QZGZBH, QZBH, XH, GZ, YGXS, ZDYX, ZGYX, DJSJ, GDSJ)
values ('3005', '11003', '1', '2021302', '5', null, null, null, null);
insert into ZJ_GRQZGZB (QZGZBH, QZBH, XH, GZ, YGXS, ZDYX, ZGYX, DJSJ, GDSJ)
values ('3006', '11003', '2', '2021200', '5', null, null, null, null);
insert into ZJ_GRQZGZB (QZGZBH, QZBH, XH, GZ, YGXS, ZDYX, ZGYX, DJSJ, GDSJ)
values ('3007', '11004', '1', '2023406', '5', null, null, null, null);
insert into ZJ_GRQZGZB (QZGZBH, QZBH, XH, GZ, YGXS, ZDYX, ZGYX, DJSJ, GDSJ)
values ('3008', '11005', '1', '2021302', '5', null, null, null, null);
insert into ZJ_TJXXB (TJXID, TJXLX, QZGZBH, ZPGZBH, TJSJ)
values ('13001', '0', '3008', '12004', '20170305');
insert into ZJ_TJXXHZB (TJXID, TJXLX, QZGZBH, ZPGZBH, TJSJ, SFCG, JYYX, BCGYY, SFHZ, HZSJ)
values ('6001', '0', '3001', '12001', '20170306', 'Y', null, null, 'Y', '20170309');
commit;

